,ID,ShowName,Season,EpAvg,LastEp
0,tt0903747,['Breaking Bad'],1.0,8.683333333333332,8.8
1,tt0903747,['Breaking Bad'],2.0,8.766666666666667,9.2
2,tt0903747,['Breaking Bad'],3.0,8.691666666666668,9.6
3,tt0903747,['Breaking Bad'],4.0,8.9,9.9
4,tt0903747,['Breaking Bad'],5.0,9.34,9.9
5,tt0306414,['The Wire'],1.0,8.508333333333333,8.9
6,tt0306414,['The Wire'],2.0,8.399999999999999,9.0
7,tt0306414,['The Wire'],3.0,8.627272727272727,9.2
8,tt0306414,['The Wire'],4.0,8.608333333333334,9.5
9,tt0306414,['The Wire'],5.0,8.600000000000001,9.5
10,tt0417299,['Avatar: The Last Airbender'],1.0,8.24,9.7
11,tt0417299,['Avatar: The Last Airbender'],2.0,8.647368421052633,9.6
12,tt0417299,['Avatar: The Last Airbender'],3.0,8.850000000000001,9.8
13,tt0141842,['The Sopranos'],1.0,8.583333333333332,9.2
14,tt0141842,['The Sopranos'],2.0,8.591666666666667,9.4
15,tt0141842,['The Sopranos'],3.0,8.716666666666667,9.0
16,tt0141842,['The Sopranos'],4.0,8.35,9.2
17,tt0141842,['The Sopranos'],5.0,8.666666666666666,9.3
18,tt0141842,['The Sopranos'],6.0,8.679999999999998,9.3
19,tt0944947,['Game of Thrones'],1.0,8.988888888888887,9.5
20,tt0944947,['Game of Thrones'],2.0,8.855555555555556,9.4
21,tt0944947,['Game of Thrones'],3.0,8.988888888888889,9.1
22,tt0944947,['Game of Thrones'],4.0,9.233333333333333,9.7
23,tt0944947,['Game of Thrones'],5.0,8.744444444444445,9.1
24,tt0944947,['Game of Thrones'],6.0,8.944444444444445,9.9
25,tt0944947,['Game of Thrones'],7.0,9.05,9.4
26,tt0944947,['Game of Thrones'],8.0,6.88,4.0
27,tt2861424,['Rick and Morty'],1.0,8.610000000000001,8.5
28,tt2861424,['Rick and Morty'],2.0,8.622222222222222,9.3
29,tt2861424,['Rick and Morty'],3.0,8.800000000000002,8.2
30,tt2861424,['Rick and Morty'],4.0,8.355555555555556,9.1
31,tt2861424,['Rick and Morty'],5.0,7.622222222222224,9.4
32,tt1475582,['Sherlock'],1.0,8.6,9.0
33,tt1475582,['Sherlock'],2.0,8.850000000000001,9.6
34,tt1475582,['Sherlock'],3.0,8.766666666666666,9.2
35,tt1475582,['Sherlock'],4.0,8.266666666666666,8.2
36,tt0052520,['The Twilight Zone'],1.0,7.648571428571429,8.1
37,tt0052520,['The Twilight Zone'],2.0,7.524999999999999,8.6
38,tt0052520,['The Twilight Zone'],3.0,7.494444444444444,8.2
39,tt0052520,['The Twilight Zone'],4.0,7.382352941176471,5.7
40,tt0052520,['The Twilight Zone'],5.0,7.3428571428571425,6.6
41,tt0103359,['Batman: The Animated Series'],1.0,7.959322033898302,7.1
42,tt0103359,['Batman: The Animated Series'],2.0,8.033333333333335,8.6
43,tt0103359,['Batman: The Animated Series'],3.0,7.8999999999999995,8.1
44,tt0103359,['Batman: The Animated Series'],4.0,7.574999999999999,7.2
45,tt2560140,['Attack on Titan'],1.0,9.045833333333333,9.5
46,tt2560140,['Attack on Titan'],2.0,9.290909090909091,9.8
47,tt2560140,['Attack on Titan'],3.0,9.514285714285716,9.6
48,tt2560140,['Attack on Titan'],4.0,9.4625,9.0
49,tt0386676,['The Office'],1.0,7.9,7.6
50,tt0386676,['The Office'],2.0,8.276190476190475,9.3
51,tt0386676,['The Office'],3.0,8.463636363636363,9.2
52,tt0386676,['The Office'],4.0,8.407692307692308,9.3
53,tt0386676,['The Office'],5.0,8.375999999999998,8.9
54,tt0386676,['The Office'],6.0,8.104,7.9
55,tt0386676,['The Office'],7.0,8.195652173913045,8.6
56,tt0386676,['The Office'],8.0,7.478260869565219,7.6
57,tt0386676,['The Office'],9.0,7.695454545454547,9.8
58,tt2356777,['True Detective'],1.0,9.185714285714287,9.5
59,tt2356777,['True Detective'],2.0,7.971428571428571,8.1
60,tt2356777,['True Detective'],3.0,8.314285714285713,8.0
61,tt0098904,['Seinfeld'],1.0,7.45,7.5
62,tt0098904,['Seinfeld'],2.0,8.036363636363637,7.7
63,tt0098904,['Seinfeld'],3.0,8.238095238095239,8.3
64,tt0098904,['Seinfeld'],4.0,8.436363636363636,8.6
65,tt0098904,['Seinfeld'],5.0,8.419999999999998,9.5
66,tt0098904,['Seinfeld'],6.0,8.290909090909091,8.0
67,tt0098904,['Seinfeld'],7.0,8.480952380952381,8.7
68,tt0098904,['Seinfeld'],8.0,8.50952380952381,8.6
69,tt0098904,['Seinfeld'],9.0,8.366666666666667,7.8
70,tt0081912,['Only Fools and Horses....'],1.0,7.866666666666666,7.7
71,tt0081912,['Only Fools and Horses....'],2.0,8.328571428571427,7.6
72,tt0081912,['Only Fools and Horses....'],3.0,8.328571428571427,8.1
73,tt0081912,['Only Fools and Horses....'],4.0,8.228571428571428,9.0
74,tt0081912,['Only Fools and Horses....'],5.0,8.1375,8.9
75,tt0081912,['Only Fools and Horses....'],6.0,9.0,9.6
76,tt0081912,['Only Fools and Horses....'],7.0,8.48,8.3
77,tt0081912,['Only Fools and Horses....'],8.0,9.05,9.6
78,tt0081912,['Only Fools and Horses....'],9.0,7.75,8.0
79,tt2802850,['Fargo'],1.0,8.866666666666667,9.3
80,tt2802850,['Fargo'],2.0,8.966666666666667,8.5
81,tt2802850,['Fargo'],3.0,8.455555555555556,8.5
82,tt2802850,['Fargo'],4.0,7.5,7.3
83,tt0108778,['Friends'],1.0,8.178260869565216,8.8
84,tt0108778,['Friends'],2.0,8.352173913043478,8.1
85,tt0108778,['Friends'],3.0,8.270833333333332,8.7
86,tt0108778,['Friends'],4.0,8.343478260869563,9.2
87,tt0108778,['Friends'],5.0,8.50869565217391,9.0
88,tt0108778,['Friends'],6.0,8.354166666666666,9.2
89,tt0108778,['Friends'],7.0,8.300000000000002,9.1
90,tt0108778,['Friends'],8.0,8.330434782608695,8.8
91,tt0108778,['Friends'],9.0,8.169565217391304,8.6
92,tt0108778,['Friends'],10.0,8.468750000000002,9.7
93,tt1865718,['Gravity Falls'],1.0,8.26315789473684,9.2
94,tt1865718,['Gravity Falls'],2.0,8.821052631578949,9.8
95,tt3530232,['Last Week Tonight with John Oliver'],1.0,8.26086956521739,8.8
96,tt3530232,['Last Week Tonight with John Oliver'],2.0,8.308823529411764,8.4
97,tt3530232,['Last Week Tonight with John Oliver'],3.0,8.227586206896552,8.8
98,tt3530232,['Last Week Tonight with John Oliver'],4.0,8.3,8.8
99,tt3530232,['Last Week Tonight with John Oliver'],5.0,8.055172413793102,8.6
100,tt3530232,['Last Week Tonight with John Oliver'],6.0,8.117241379310347,8.1
101,tt3530232,['Last Week Tonight with John Oliver'],7.0,8.041379310344826,8.7
102,tt3530232,['Last Week Tonight with John Oliver'],8.0,7.6689655172413795,8.0
103,tt3530232,['Last Week Tonight with John Oliver'],9.0,7.7,7.8
104,tt2297757,['Nathan for You'],1.0,8.5,8.6
105,tt2297757,['Nathan for You'],2.0,8.614285714285716,8.2
106,tt2297757,['Nathan for You'],3.0,8.757142857142858,9.3
107,tt2297757,['Nathan for You'],4.0,8.47142857142857,9.5
108,tt0063929,"[""Monty Python's Flying Circus""]",1.0,8.116666666666667,8.0
109,tt0063929,"[""Monty Python's Flying Circus""]",2.0,8.216666666666667,8.2
110,tt0063929,"[""Monty Python's Flying Circus""]",3.0,8.05,7.7
111,tt0063929,"[""Monty Python's Flying Circus""]",4.0,7.4799999999999995,7.4
112,tt0472954,"[""It's Always Sunny in Philadelphia""]",1.0,8.183333333333334,8.5
113,tt0472954,"[""It's Always Sunny in Philadelphia""]",2.0,8.555555555555555,8.6
114,tt0472954,"[""It's Always Sunny in Philadelphia""]",3.0,8.542857142857143,9.0
115,tt0472954,"[""It's Always Sunny in Philadelphia""]",4.0,8.516666666666667,9.7
116,tt0472954,"[""It's Always Sunny in Philadelphia""]",5.0,8.609090909090908,8.6
117,tt0472954,"[""It's Always Sunny in Philadelphia""]",6.0,8.308333333333335,9.2
118,tt0472954,"[""It's Always Sunny in Philadelphia""]",7.0,8.366666666666665,8.5
119,tt0472954,"[""It's Always Sunny in Philadelphia""]",8.0,8.422222222222224,9.0
120,tt0472954,"[""It's Always Sunny in Philadelphia""]",9.0,8.588888888888889,8.2
121,tt0472954,"[""It's Always Sunny in Philadelphia""]",10.0,8.544444444444444,7.5
122,tt0472954,"[""It's Always Sunny in Philadelphia""]",11.0,8.444444444444446,8.4
123,tt0472954,"[""It's Always Sunny in Philadelphia""]",12.0,8.522222222222222,8.6
124,tt0472954,"[""It's Always Sunny in Philadelphia""]",13.0,7.811111111111111,8.5
125,tt0472954,"[""It's Always Sunny in Philadelphia""]",14.0,8.188888888888888,7.8
126,tt0472954,"[""It's Always Sunny in Philadelphia""]",15.0,8.114285714285716,8.8
127,tt0264235,['Curb Your Enthusiasm'],1.0,7.988888888888888,8.6
128,tt0264235,['Curb Your Enthusiasm'],2.0,8.377777777777778,8.1
129,tt0264235,['Curb Your Enthusiasm'],3.0,8.244444444444445,9.1
130,tt0264235,['Curb Your Enthusiasm'],4.0,8.366666666666667,8.9
131,tt0264235,['Curb Your Enthusiasm'],5.0,8.31111111111111,8.3
132,tt0264235,['Curb Your Enthusiasm'],6.0,8.5,9.0
133,tt0264235,['Curb Your Enthusiasm'],7.0,8.611111111111112,9.2
134,tt0264235,['Curb Your Enthusiasm'],8.0,8.366666666666667,8.9
135,tt0264235,['Curb Your Enthusiasm'],9.0,8.399999999999999,8.5
136,tt0264235,['Curb Your Enthusiasm'],10.0,8.488888888888887,8.7
137,tt0264235,['Curb Your Enthusiasm'],11.0,8.02222222222222,7.7
138,tt0072500,['Fawlty Towers'],1.0,8.559999999999999,9.3
139,tt0072500,['Fawlty Towers'],2.0,8.84,9.1
140,tt3032476,['Better Call Saul'],1.0,8.766666666666667,8.6
141,tt3032476,['Better Call Saul'],2.0,8.511111111111111,9.0
142,tt3032476,['Better Call Saul'],3.0,8.722222222222221,9.2
143,tt3032476,['Better Call Saul'],4.0,8.588888888888889,9.5
144,tt3032476,['Better Call Saul'],5.0,9.066666666666668,9.3
145,tt2085059,['Black Mirror'],1.0,7.85,8.5
146,tt2085059,['Black Mirror'],2.0,7.533333333333334,9.1
147,tt2085059,['Black Mirror'],3.0,8.2,8.5
148,tt2085059,['Black Mirror'],4.0,7.660000000000001,8.6
149,tt2085059,['Black Mirror'],5.0,7.2,6.1
150,tt2707408,['Narcos'],1.0,8.644444444444444,8.8
151,tt2707408,['Narcos'],2.0,8.7,9.4
152,tt2707408,['Narcos'],3.0,8.544444444444444,9.1
153,tt0098936,['Twin Peaks'],1.0,8.500000000000002,9.0
154,tt0098936,['Twin Peaks'],2.0,8.123809523809525,9.2
155,tt0200276,['The West Wing'],1.0,8.433333333333334,9.2
156,tt0200276,['The West Wing'],2.0,8.547619047619047,9.7
157,tt0200276,['The West Wing'],3.0,8.2,9.1
158,tt0200276,['The West Wing'],4.0,8.154545454545454,9.3
159,tt0200276,['The West Wing'],5.0,7.923809523809522,8.3
160,tt0200276,['The West Wing'],6.0,8.023809523809522,8.9
161,tt0200276,['The West Wing'],7.0,8.257142857142858,9.0
162,tt2442560,['Peaky Blinders'],1.0,8.4,9.1
163,tt2442560,['Peaky Blinders'],2.0,8.540000000000001,9.5
164,tt2442560,['Peaky Blinders'],3.0,8.54,9.5
165,tt2442560,['Peaky Blinders'],4.0,8.88,9.4
166,tt2442560,['Peaky Blinders'],5.0,8.64,9.3
167,tt2442560,['Peaky Blinders'],6.0,9.3,8.9
168,tt7660850,['Succession'],1.0,8.18888888888889,9.2
169,tt7660850,['Succession'],2.0,8.8,9.8
170,tt7660850,['Succession'],3.0,8.9125,9.8
171,tt3398228,['BoJack Horseman'],1.0,7.827272727272727,8.4
172,tt3398228,['BoJack Horseman'],2.0,8.108333333333333,8.5
173,tt3398228,['BoJack Horseman'],3.0,8.363636363636363,8.9
174,tt3398228,['BoJack Horseman'],4.0,8.445454545454547,8.9
175,tt3398228,['BoJack Horseman'],5.0,8.681818181818183,9.0
176,tt3398228,['BoJack Horseman'],6.0,8.733333333333333,9.5
177,tt0214341,['Dragon Ball Z'],1.0,7.824,8.3
178,tt0214341,['Dragon Ball Z'],2.0,7.826923076923078,8.5
179,tt0214341,['Dragon Ball Z'],3.0,8.016666666666667,7.9
180,tt0214341,['Dragon Ball Z'],4.0,8.038709677419355,7.9
181,tt0214341,['Dragon Ball Z'],5.0,7.388888888888889,6.6
182,tt0214341,['Dragon Ball Z'],6.0,7.92857142857143,7.2
183,tt0214341,['Dragon Ball Z'],7.0,7.815384615384615,7.4
184,tt0214341,['Dragon Ball Z'],8.0,7.624999999999999,7.7
185,tt0214341,['Dragon Ball Z'],9.0,7.533333333333332,7.1
186,tt0214341,['Dragon Ball Z'],10.0,7.332142857142857,7.8
187,tt0214341,['Dragon Ball Z'],11.0,7.285714285714286,7.5
188,tt0214341,['Dragon Ball Z'],12.0,7.611111111111111,7.9
189,tt0214341,['Dragon Ball Z'],13.0,7.8090909090909095,7.8
190,tt0214341,['Dragon Ball Z'],14.0,7.614285714285715,8.0
191,tt0214341,['Dragon Ball Z'],15.0,7.257142857142857,7.1
192,tt0214341,['Dragon Ball Z'],16.0,7.526666666666668,6.9
193,tt0353049,"[""Chappelle's Show""]",1.0,7.838461538461539,7.3
194,tt0353049,"[""Chappelle's Show""]",2.0,8.126666666666667,7.2
195,tt0353049,"[""Chappelle's Show""]",3.0,7.5,7.4
196,tt1831164,['Leyla ile Mecnun'],1.0,8.857894736842104,9.5
197,tt1831164,['Leyla ile Mecnun'],2.0,8.705000000000002,9.0
198,tt1831164,['Leyla ile Mecnun'],3.0,8.666666666666666,9.1
199,tt1831164,['Leyla ile Mecnun'],4.0,8.88888888888889,7.8
200,tt1831164,['Leyla ile Mecnun'],5.0,8.711111111111112,8.9
201,tt0121955,['South Park'],1.0,7.838461538461538,8.6
202,tt0121955,['South Park'],2.0,7.788235294117646,7.9
203,tt0121955,['South Park'],3.0,7.912499999999999,8.1
204,tt0121955,['South Park'],4.0,8.143749999999999,7.5
205,tt0121955,['South Park'],5.0,8.323076923076924,8.9
206,tt0121955,['South Park'],6.0,8.41875,8.0
207,tt0121955,['South Park'],7.0,8.385714285714286,7.6
208,tt0121955,['South Park'],8.0,8.553846153846154,9.1
209,tt0121955,['South Park'],9.0,8.392307692307693,7.9
210,tt0121955,['South Park'],10.0,8.330769230769231,7.4
211,tt0121955,['South Park'],11.0,8.50769230769231,8.5
212,tt0121955,['South Park'],12.0,7.9692307692307685,7.8
213,tt0121955,['South Park'],13.0,8.084615384615384,7.7
214,tt0121955,['South Park'],14.0,8.092307692307692,8.2
215,tt0121955,['South Park'],15.0,7.63076923076923,7.9
216,tt0121955,['South Park'],16.0,7.546153846153846,7.4
217,tt0121955,['South Park'],17.0,7.911111111111111,8.4
218,tt0121955,['South Park'],18.0,8.000000000000002,6.8
219,tt0121955,['South Park'],19.0,8.088888888888887,7.9
220,tt0121955,['South Park'],20.0,7.633333333333334,7.1
221,tt0121955,['South Park'],21.0,7.3999999999999995,7.2
222,tt0121955,['South Park'],22.0,7.611111111111111,7.6
223,tt0121955,['South Park'],23.0,7.711111111111112,7.7
224,tt0121955,['South Park'],24.0,8.1,8.3
225,tt0121955,['South Park'],25.0,7.424999999999999,7.8
226,tt0384766,['Rome'],1.0,8.309090909090909,9.2
227,tt0384766,['Rome'],2.0,8.5,9.0
228,tt10986410,['Ted Lasso'],1.0,8.511111111111111,9.1
229,tt10986410,['Ted Lasso'],2.0,8.272727272727272,8.9
230,tt9432978,['Kota Factory'],1.0,8.799999999999999,9.2
231,tt9432978,['Kota Factory'],2.0,8.75,9.3
232,tt8111088,['The Mandalorian'],1.0,8.414285714285715,9.3
233,tt8111088,['The Mandalorian'],2.0,8.785714285714286,9.8
234,tt4508902,['One Punch Man'],1.0,8.80909090909091,9.5
235,tt4508902,['One Punch Man'],2.0,8.125,8.7
236,tt0367279,['Arrested Development'],1.0,8.342857142857142,8.7
237,tt0367279,['Arrested Development'],2.0,8.547058823529412,8.9
238,tt0367279,['Arrested Development'],3.0,8.541666666666666,9.2
239,tt0367279,['Arrested Development'],4.0,7.728571428571429,8.2
240,tt0367279,['Arrested Development'],5.0,7.213333333333334,7.9
241,tt5753856,['Dark'],1.0,8.644444444444444,9.2
242,tt5753856,['Dark'],2.0,9.157142857142858,9.5
243,tt5753856,['Dark'],3.0,9.071428571428571,9.7
244,tt0118421,['Oz'],1.0,8.37142857142857,9.2
245,tt0118421,['Oz'],2.0,8.12857142857143,8.7
246,tt0118421,['Oz'],3.0,8.414285714285715,8.4
247,tt0118421,['Oz'],4.0,8.533333333333333,8.8
248,tt0118421,['Oz'],5.0,8.357142857142858,8.6
249,tt0118421,['Oz'],6.0,8.428571428571427,8.7
250,tt0248654,['Six Feet Under'],1.0,8.425,8.7
251,tt0248654,['Six Feet Under'],2.0,8.375000000000002,9.2
252,tt0248654,['Six Feet Under'],3.0,8.208333333333334,9.1
253,tt0248654,['Six Feet Under'],4.0,8.163636363636362,9.1
254,tt0248654,['Six Feet Under'],5.0,8.672727272727272,9.9
255,tt0096697,['The Simpsons'],1.0,7.758333333333334,7.7
256,tt0096697,['The Simpsons'],2.0,8.038095238095238,7.9
257,tt0096697,['The Simpsons'],3.0,8.169565217391305,8.3
258,tt0096697,['The Simpsons'],4.0,8.29047619047619,8.1
259,tt0096697,['The Simpsons'],5.0,8.357142857142858,8.0
260,tt0096697,['The Simpsons'],6.0,8.333333333333332,9.2
261,tt0096697,['The Simpsons'],7.0,8.362499999999999,8.4
262,tt0096697,['The Simpsons'],8.0,8.262499999999998,7.9
263,tt0096697,['The Simpsons'],9.0,7.833333333333333,8.1
264,tt0096697,['The Simpsons'],10.0,7.604545454545455,8.0
265,tt0096697,['The Simpsons'],11.0,7.299999999999999,7.9
266,tt0096697,['The Simpsons'],12.0,7.365,7.0
267,tt0096697,['The Simpsons'],13.0,7.061904761904763,7.8
268,tt0096697,['The Simpsons'],14.0,7.038095238095239,7.7
269,tt0096697,['The Simpsons'],15.0,7.028571428571427,7.3
270,tt0096697,['The Simpsons'],16.0,6.975,7.3
271,tt0096697,['The Simpsons'],17.0,6.890476190476188,6.4
272,tt0096697,['The Simpsons'],18.0,6.923809523809522,7.2
273,tt0096697,['The Simpsons'],19.0,6.936842105263159,6.4
274,tt0096697,['The Simpsons'],20.0,6.875,7.3
275,tt0096697,['The Simpsons'],21.0,6.836363636363635,6.6
276,tt0096697,['The Simpsons'],22.0,6.752380952380953,7.0
277,tt0096697,['The Simpsons'],23.0,6.904761904761905,4.1
278,tt0096697,['The Simpsons'],24.0,6.738095238095238,7.0
279,tt0096697,['The Simpsons'],25.0,6.776190476190477,6.6
280,tt0096697,['The Simpsons'],26.0,6.633333333333331,6.8
281,tt0096697,['The Simpsons'],27.0,6.690476190476191,6.7
282,tt0096697,['The Simpsons'],28.0,6.515000000000001,6.5
283,tt0096697,['The Simpsons'],29.0,6.589999999999999,7.6
284,tt0096697,['The Simpsons'],30.0,6.181818181818182,6.0
285,tt0096697,['The Simpsons'],31.0,6.371428571428572,7.4
286,tt0096697,['The Simpsons'],32.0,6.342857142857143,7.4
287,tt0096697,['The Simpsons'],33.0,6.874999999999999,6.6
288,tt0412142,['House M.D.'],1.0,8.414285714285716,8.7
289,tt0412142,['House M.D.'],2.0,8.452173913043477,9.4
290,tt0412142,['House M.D.'],3.0,8.517391304347827,8.9
291,tt0412142,['House M.D.'],4.0,8.62,9.7
292,tt0412142,['House M.D.'],5.0,8.47391304347826,9.6
293,tt0412142,['House M.D.'],6.0,8.435,9.5
294,tt0412142,['House M.D.'],7.0,8.30909090909091,8.5
295,tt0412142,['House M.D.'],8.0,8.200000000000001,9.3
296,tt0286486,['The Shield'],1.0,8.083333333333332,8.8
297,tt0286486,['The Shield'],2.0,8.091666666666667,8.7
298,tt0286486,['The Shield'],3.0,8.171428571428573,9.0
299,tt0286486,['The Shield'],4.0,7.808333333333333,8.1
300,tt0286486,['The Shield'],5.0,8.239999999999998,9.2
301,tt0286486,['The Shield'],6.0,8.15,8.7
302,tt0286486,['The Shield'],7.0,8.358333333333333,9.6
303,tt4574334,['Stranger Things'],1.0,8.728571428571428,9.3
304,tt4574334,['Stranger Things'],2.0,8.3625,9.3
305,tt4574334,['Stranger Things'],3.0,8.414285714285715,9.2
306,tt6741278,['Invincible'],1.0,8.514285714285714,9.6
307,tt0407362,['Battlestar Galactica'],1.0,7.925,8.8
308,tt0407362,['Battlestar Galactica'],2.0,7.957894736842106,8.7
309,tt0407362,['Battlestar Galactica'],3.0,7.847368421052631,9.2
310,tt0407362,['Battlestar Galactica'],4.0,8.275000000000002,8.7
311,tt1606375,['Downton Abbey'],1.0,8.383333333333333,8.8
312,tt1606375,['Downton Abbey'],2.0,8.35,9.0
313,tt1606375,['Downton Abbey'],3.0,8.387500000000001,8.2
314,tt1606375,['Downton Abbey'],4.0,8.075000000000001,8.5
315,tt1606375,['Downton Abbey'],5.0,8.2125,9.0
316,tt1606375,['Downton Abbey'],6.0,8.487499999999999,9.3
317,tt5687612,['Fleabag'],1.0,7.9,8.8
318,tt5687612,['Fleabag'],2.0,8.819999999999999,9.3
319,tt1856010,['House of Cards'],1.0,8.416666666666666,8.8
320,tt1856010,['House of Cards'],2.0,8.616666666666665,9.5
321,tt1856010,['House of Cards'],3.0,8.391666666666666,8.9
322,tt1856010,['House of Cards'],4.0,8.549999999999999,9.4
323,tt1856010,['House of Cards'],5.0,8.183333333333334,8.4
324,tt1856010,['House of Cards'],6.0,4.4142857142857155,2.6
325,tt0804503,['Mad Men'],1.0,8.091666666666667,9.0
326,tt0804503,['Mad Men'],2.0,8.15,8.9
327,tt0804503,['Mad Men'],3.0,8.358333333333334,9.6
328,tt0804503,['Mad Men'],4.0,8.633333333333333,9.0
329,tt0804503,['Mad Men'],5.0,8.616666666666669,8.6
330,tt0804503,['Mad Men'],6.0,8.208333333333332,9.1
331,tt0804503,['Mad Men'],7.0,8.584615384615386,9.3
332,tt1190634,['The Boys'],1.0,8.528571428571427,9.1
333,tt1190634,['The Boys'],2.0,8.485714285714286,9.4
334,tt5788792,['De Magnifieke Mrs Maisel'],1.0,8.314285714285715,9.0
335,tt5788792,['De Magnifieke Mrs Maisel'],2.0,8.588888888888887,8.9
336,tt5788792,['De Magnifieke Mrs Maisel'],3.0,8.428571428571427,8.9
337,tt5788792,['De Magnifieke Mrs Maisel'],4.0,8.185714285714285,9.3
338,tt4786824,['The Crown'],1.0,8.533333333333335,8.5
339,tt4786824,['The Crown'],2.0,8.577777777777778,8.4
340,tt4786824,['The Crown'],3.0,8.433333333333332,8.3
341,tt4786824,['The Crown'],4.0,8.477777777777778,8.8
342,tt0758745,['Friday Night Lights'],1.0,7.961904761904763,8.8
343,tt0758745,['Friday Night Lights'],2.0,7.871428571428572,7.8
344,tt0758745,['Friday Night Lights'],3.0,8.333333333333334,8.9
345,tt0758745,['Friday Night Lights'],4.0,8.416666666666666,9.1
346,tt0758745,['Friday Night Lights'],5.0,8.35,9.6
347,tt0092455,['Star Trek: The Next Generation'],1.0,6.766666666666666,7.4
348,tt0092455,['Star Trek: The Next Generation'],2.0,7.0666666666666655,3.4
349,tt0092455,['Star Trek: The Next Generation'],3.0,7.483999999999998,9.3
350,tt0092455,['Star Trek: The Next Generation'],4.0,7.539999999999999,8.4
351,tt0092455,['Star Trek: The Next Generation'],5.0,7.588000000000001,8.4
352,tt0092455,['Star Trek: The Next Generation'],6.0,7.691999999999998,8.1
353,tt0092455,['Star Trek: The Next Generation'],7.0,7.141666666666667,9.0
354,tt1628033,['Top Gear'],1.0,7.155555555555556,7.3
355,tt1628033,['Top Gear'],2.0,7.644444444444444,7.7
356,tt1628033,['Top Gear'],3.0,7.8500000000000005,7.7
357,tt1628033,['Top Gear'],4.0,7.844444444444445,7.7
358,tt1628033,['Top Gear'],5.0,7.949999999999999,7.8
359,tt1628033,['Top Gear'],6.0,7.9,7.8
360,tt1628033,['Top Gear'],7.0,7.999999999999999,8.5
361,tt1628033,['Top Gear'],8.0,8.028571428571428,8.0
362,tt1628033,['Top Gear'],9.0,8.157142857142857,9.0
363,tt1628033,['Top Gear'],10.0,8.379999999999999,8.2
364,tt1628033,['Top Gear'],11.0,8.16,8.4
365,tt1628033,['Top Gear'],12.0,8.214285714285714,9.4
366,tt1628033,['Top Gear'],13.0,8.416666666666666,8.4
367,tt1628033,['Top Gear'],14.0,8.366666666666667,8.1
368,tt1628033,['Top Gear'],15.0,8.462499999999999,8.5
369,tt1628033,['Top Gear'],16.0,8.2875,8.1
370,tt1628033,['Top Gear'],17.0,8.360000000000001,7.8
371,tt1628033,['Top Gear'],18.0,8.114285714285714,8.5
372,tt1628033,['Top Gear'],19.0,8.4,7.1
373,tt1628033,['Top Gear'],20.0,8.46,8.3
374,tt1628033,['Top Gear'],21.0,8.383333333333335,9.2
375,tt1628033,['Top Gear'],22.0,8.514285714285714,9.4
376,tt1628033,['Top Gear'],23.0,2.48,2.4
377,tt1628033,['Top Gear'],24.0,5.783333333333334,5.1
378,tt1628033,['Top Gear'],25.0,6.1,5.7
379,tt1628033,['Top Gear'],26.0,5.4,5.4
380,tt1628033,['Top Gear'],27.0,5.05,5.8
381,tt1628033,['Top Gear'],28.0,6.166666666666667,6.1
382,tt1628033,['Top Gear'],29.0,5.8500000000000005,5.0
383,tt1628033,['Top Gear'],30.0,6.1000000000000005,5.5
384,tt1628033,['Top Gear'],31.0,6.160000000000001,5.0
385,tt0387764,['Peep Show'],1.0,7.88,8.0
386,tt0387764,['Peep Show'],2.0,8.139999999999999,8.1
387,tt0387764,['Peep Show'],3.0,8.06,8.5
388,tt0387764,['Peep Show'],4.0,8.44,9.2
389,tt0387764,['Peep Show'],5.0,8.06,8.3
390,tt0387764,['Peep Show'],6.0,8.12,8.2
391,tt0387764,['Peep Show'],7.0,8.219999999999999,8.1
392,tt0387764,['Peep Show'],8.0,7.74,7.8
393,tt0387764,['Peep Show'],9.0,8.18,8.4
394,tt0086661,['The Adventures of Sherlock Holmes'],1.0,8.033333333333333,8.1
395,tt0086661,['The Adventures of Sherlock Holmes'],2.0,8.16,8.5
396,tt5712554,['The Grand Tour'],1.0,8.208333333333332,8.6
397,tt5712554,['The Grand Tour'],2.0,8.35,7.5
398,tt5712554,['The Grand Tour'],3.0,8.453846153846154,9.4
399,tt5712554,['The Grand Tour'],4.0,8.133333333333335,7.9
400,tt0106179,['The X Files'],1.0,7.626086956521739,9.0
401,tt0106179,['The X Files'],2.0,7.829166666666666,9.1
402,tt0106179,['The X Files'],3.0,7.995652173913044,8.6
403,tt0106179,['The X Files'],4.0,7.978260869565218,8.6
404,tt0106179,['The X Files'],5.0,8.1,8.8
405,tt0106179,['The X Files'],6.0,8.157142857142857,8.2
406,tt0106179,['The X Files'],7.0,7.619047619047619,8.6
407,tt0106179,['The X Files'],8.0,7.790000000000001,8.8
408,tt0106179,['The X Files'],9.0,7.422222222222222,8.3
409,tt0106179,['The X Files'],10.0,7.4799999999999995,7.1
410,tt0106179,['The X Files'],11.0,7.566666666666666,7.3
411,tt0773262,['Dexter'],1.0,8.7,9.6
412,tt0773262,['Dexter'],2.0,8.772727272727273,9.2
413,tt0773262,['Dexter'],3.0,8.454545454545455,8.8
414,tt0773262,['Dexter'],4.0,8.863636363636363,9.8
415,tt0773262,['Dexter'],5.0,8.590909090909092,8.9
416,tt0773262,['Dexter'],6.0,8.163636363636364,9.1
417,tt0773262,['Dexter'],7.0,8.672727272727274,9.3
418,tt0773262,['Dexter'],8.0,7.763636363636365,4.7
419,tt1266020,['Parks and Recreation'],1.0,7.12,7.7
420,tt1266020,['Parks and Recreation'],2.0,8.03913043478261,8.6
421,tt1266020,['Parks and Recreation'],3.0,8.406666666666668,8.8
422,tt1266020,['Parks and Recreation'],4.0,8.214285714285714,9.0
423,tt1266020,['Parks and Recreation'],5.0,8.138095238095238,8.3
424,tt1266020,['Parks and Recreation'],6.0,8.004761904761905,9.3
425,tt1266020,['Parks and Recreation'],7.0,8.236363636363636,9.5
426,tt0459159,['The Thick of It'],1.0,7.9,7.8
427,tt0459159,['The Thick of It'],2.0,8.05,8.4
428,tt0459159,['The Thick of It'],3.0,8.27142857142857,8.2
429,tt0459159,['The Thick of It'],4.0,8.083333333333334,8.3
430,tt2303687,['Line of Duty'],1.0,8.0,8.3
431,tt2303687,['Line of Duty'],2.0,8.48,8.2
432,tt2303687,['Line of Duty'],3.0,8.559999999999999,9.5
433,tt2303687,['Line of Duty'],4.0,8.42,9.0
434,tt2303687,['Line of Duty'],5.0,8.6,8.5
435,tt2303687,['Line of Duty'],6.0,8.416666666666666,5.8
436,tt0348914,['Deadwood'],1.0,8.263636363636364,9.1
437,tt0348914,['Deadwood'],2.0,8.336363636363636,9.0
438,tt0348914,['Deadwood'],3.0,8.390909090909092,8.5
439,tt6025022,['Justice League Unlimited'],1.0,7.875,8.7
440,tt6025022,['Justice League Unlimited'],2.0,8.341666666666667,9.1
441,tt6025022,['Justice League Unlimited'],3.0,7.925,9.3
442,tt0111958,['Father Ted'],1.0,7.9799999999999995,8.1
443,tt0111958,['Father Ted'],2.0,8.32,8.8
444,tt0111958,['Father Ted'],3.0,8.62857142857143,8.3
445,tt3322312,['Daredevil'],1.0,8.700000000000001,9.3
446,tt3322312,['Daredevil'],2.0,8.908333333333335,9.2
447,tt3322312,['Daredevil'],3.0,8.933333333333332,9.5
448,tt9335498,['Demon Slayer: Kimetsu No Yaiba'],1.0,8.443999999999999,8.9
449,tt9335498,['Demon Slayer: Kimetsu No Yaiba'],2.0,8.65,9.7
450,tt9335498,['Demon Slayer: Kimetsu No Yaiba'],3.0,8.91,8.9
451,tt0994314,['Kôdo giasu - Hangyaku no rurûshu: Code Geass - Lelouch of the Rebellion'],1.0,8.112499999999999,9.1
452,tt0994314,['Kôdo giasu - Hangyaku no rurûshu: Code Geass - Lelouch of the Rebellion'],2.0,8.554166666666665,9.8
453,tt1641384,['Young Justice'],1.0,8.860000000000001,9.6
454,tt1641384,['Young Justice'],2.0,9.073684210526313,9.6
455,tt1641384,['Young Justice'],3.0,8.931999999999999,8.9
456,tt1641384,['Young Justice'],4.0,9.024999999999999,9.0
457,tt3398540,['Haikyuu!!'],1.0,8.6,7.6
458,tt3398540,['Haikyuu!!'],2.0,8.576,7.3
459,tt3398540,['Haikyuu!!'],3.0,9.16,8.4
460,tt3398540,['Haikyuu!!'],4.0,8.7125,9.0
461,tt4288182,['Atlanta'],1.0,8.377777777777778,8.6
462,tt4288182,['Atlanta'],2.0,8.629999999999999,8.7
463,tt1486217,['Archer'],1.0,7.87,8.0
464,tt1486217,['Archer'],2.0,8.191666666666666,8.3
465,tt1486217,['Archer'],3.0,8.175000000000002,8.4
466,tt1486217,['Archer'],4.0,7.866666666666667,8.0
467,tt1486217,['Archer'],5.0,7.9750000000000005,8.6
468,tt1486217,['Archer'],6.0,8.166666666666668,8.5
469,tt1486217,['Archer'],7.0,8.122222222222222,8.9
470,tt1486217,['Archer'],8.0,7.642857142857143,7.5
471,tt1486217,['Archer'],9.0,7.328571428571428,7.7
472,tt1486217,['Archer'],10.0,7.5375000000000005,8.5
473,tt1486217,['Archer'],11.0,8.185714285714285,7.9
474,tt1486217,['Archer'],12.0,7.914285714285714,9.1
475,tt1733785,['Bron/Broen'],1.0,8.0,8.6
476,tt1733785,['Bron/Broen'],2.0,8.0,8.8
477,tt1733785,['Bron/Broen'],3.0,8.066666666666668,8.7
478,tt1733785,['Bron/Broen'],4.0,8.071428571428573,9.0
479,tt5555260,['This Is Us'],1.0,8.758823529411766,8.6
480,tt5555260,['This Is Us'],2.0,8.66470588235294,8.7
481,tt5555260,['This Is Us'],3.0,8.458823529411763,9.1
482,tt5555260,['This Is Us'],4.0,8.74705882352941,9.3
483,tt5555260,['This Is Us'],5.0,8.2,8.8
484,tt5555260,['This Is Us'],6.0,8.416666666666668,8.8
485,tt8289930,['Formula 1: Drive to Survive'],1.0,7.855555555555556,7.8
486,tt8289930,['Formula 1: Drive to Survive'],2.0,7.911111111111111,8.3
487,tt8289930,['Formula 1: Drive to Survive'],3.0,7.900000000000001,7.0
488,tt8289930,['Formula 1: Drive to Survive'],4.0,7.322222222222221,7.5
489,tt2049116,['Gomorra: La serie'],1.0,8.29090909090909,9.1
490,tt2049116,['Gomorra: La serie'],2.0,8.209090909090909,9.1
491,tt2049116,['Gomorra: La serie'],3.0,8.236363636363636,8.9
492,tt2049116,['Gomorra: La serie'],4.0,8.200000000000001,9.1
493,tt2049116,['Gomorra: La serie'],5.0,8.433333333333332,8.3
494,tt5290382,['Mindhunter'],1.0,8.244444444444444,9.1
495,tt5290382,['Mindhunter'],2.0,8.424999999999999,8.8
496,tt0090509,['The Return of Sherlock Holmes'],1.0,8.1,8.0
497,tt0090509,['The Return of Sherlock Holmes'],2.0,7.766666666666666,8.0
498,tt0094517,['Mystery Science Theater 3000'],1.0,6.780952380952383,6.9
499,tt0094517,['Mystery Science Theater 3000'],2.0,7.108333333333334,7.2
500,tt0094517,['Mystery Science Theater 3000'],3.0,7.541666666666667,7.7
501,tt0094517,['Mystery Science Theater 3000'],4.0,7.873913043478262,7.6
502,tt0094517,['Mystery Science Theater 3000'],5.0,7.817391304347828,9.0
503,tt0094517,['Mystery Science Theater 3000'],6.0,7.930434782608696,7.8
504,tt0094517,['Mystery Science Theater 3000'],7.0,7.66521739130435,7.9
505,tt0094517,['Mystery Science Theater 3000'],8.0,7.866666666666667,8.2
506,tt0094517,['Mystery Science Theater 3000'],9.0,7.814285714285714,8.1
507,tt0094517,['Mystery Science Theater 3000'],10.0,7.833333333333333,7.5
508,tt0094517,['Mystery Science Theater 3000'],11.0,7.733333333333333,8.2
509,tt1305826,['Adventure Time'],1.0,7.638461538461536,7.4
510,tt1305826,['Adventure Time'],2.0,7.948,7.5
511,tt1305826,['Adventure Time'],3.0,8.016666666666667,8.3
512,tt1305826,['Adventure Time'],4.0,7.895999999999998,9.2
513,tt1305826,['Adventure Time'],5.0,8.04705882352941,8.7
514,tt1305826,['Adventure Time'],6.0,8.009523809523808,9.1
515,tt1305826,['Adventure Time'],7.0,8.42,8.2
516,tt1305826,['Adventure Time'],8.0,8.269230769230766,9.5
517,tt1305826,['Adventure Time'],9.0,8.384615384615385,9.0
518,tt1305826,['Adventure Time'],10.0,8.191666666666666,9.7
519,tt5189670,['Making a Murderer'],1.0,8.511111111111113,8.5
520,tt5189670,['Making a Murderer'],2.0,8.177777777777779,8.7
521,tt0475784,['Westworld'],1.0,8.777777777777779,9.7
522,tt0475784,['Westworld'],2.0,8.366666666666667,8.7
523,tt0475784,['Westworld'],3.0,8.242857142857142,7.3
524,tt4236770,['Yellowstone'],1.0,8.325,8.6
525,tt4236770,['Yellowstone'],2.0,8.61111111111111,9.1
526,tt4236770,['Yellowstone'],3.0,8.466666666666667,9.2
527,tt4236770,['Yellowstone'],4.0,8.366666666666667,8.2
528,tt1795096,['Behzat Ç.: Bir Ankara Polisiyesi'],1.0,8.24054054054054,9.7
529,tt1795096,['Behzat Ç.: Bir Ankara Polisiyesi'],2.0,7.753333333333331,9.1
530,tt1795096,['Behzat Ç.: Bir Ankara Polisiyesi'],3.0,8.034615384615385,9.3
531,tt1795096,['Behzat Ç.: Bir Ankara Polisiyesi'],4.0,8.65,8.7
532,tt0380136,['QI'],1.0,7.5583333333333345,7.2
533,tt0380136,['QI'],2.0,7.554545454545454,7.6
534,tt0380136,['QI'],3.0,7.290909090909091,7.5
535,tt0380136,['QI'],4.0,7.208333333333335,7.3
536,tt0380136,['QI'],5.0,7.291666666666667,7.3
537,tt0380136,['QI'],6.0,7.372727272727274,7.5
538,tt0380136,['QI'],7.0,7.299999999999999,6.6
539,tt0380136,['QI'],8.0,6.894117647058823,5.4
540,tt0380136,['QI'],9.0,7.064705882352942,6.9
541,tt0380136,['QI'],10.0,6.852941176470588,6.6
542,tt0380136,['QI'],11.0,6.982352941176471,6.2
543,tt0380136,['QI'],12.0,7.170588235294118,6.4
544,tt0380136,['QI'],13.0,7.141176470588234,7.0
545,tt0380136,['QI'],14.0,6.794117647058823,5.5
546,tt0380136,['QI'],15.0,6.729411764705882,5.1
547,tt0380136,['QI'],16.0,6.7294117647058815,5.9
548,tt0380136,['QI'],17.0,6.835294117647059,5.8
549,tt0380136,['QI'],18.0,6.8999999999999995,5.5
550,tt0380136,['QI'],19.0,6.615384615384615,6.8
551,tt5421602,['Anne'],1.0,8.866666666666667,8.9
552,tt5421602,['Anne'],2.0,8.677777777777779,9.2
553,tt5421602,['Anne'],3.0,9.066666666666666,9.6
554,tt1489428,['Justified'],1.0,8.058333333333334,9.2
555,tt1489428,['Justified'],2.0,8.416666666666666,9.3
556,tt1489428,['Justified'],3.0,8.424999999999999,9.1
557,tt1489428,['Justified'],4.0,8.433333333333334,9.1
558,tt1489428,['Justified'],5.0,8.391666666666666,8.9
559,tt1489428,['Justified'],6.0,8.741666666666667,9.6
560,tt0979432,['Boardwalk Empire'],1.0,8.299999999999999,8.7
561,tt0979432,['Boardwalk Empire'],2.0,8.418181818181818,9.2
562,tt0979432,['Boardwalk Empire'],3.0,8.433333333333334,9.4
563,tt0979432,['Boardwalk Empire'],4.0,8.309090909090909,9.3
564,tt0979432,['Boardwalk Empire'],5.0,8.471428571428572,9.2
565,tt0094525,['Poirot'],1.0,7.2555555555555555,7.7
566,tt0094525,['Poirot'],2.0,7.55,7.2
567,tt0094525,['Poirot'],3.0,7.590000000000001,7.6
568,tt0094525,['Poirot'],4.0,8.1,7.7
569,tt0094525,['Poirot'],5.0,7.657142857142857,7.5
570,tt0094525,['Poirot'],6.0,7.8,7.9
571,tt0094525,['Poirot'],7.0,7.3,7.9
572,tt0094525,['Poirot'],8.0,7.9,7.4
573,tt0094525,['Poirot'],9.0,8.066666666666668,7.7
574,tt0094525,['Poirot'],10.0,7.666666666666667,7.5
575,tt0094525,['Poirot'],11.0,7.8,7.5
576,tt0094525,['Poirot'],12.0,7.8,7.9
577,tt0094525,['Poirot'],13.0,7.800000000000001,8.5
578,tt2244495,['The Eric Andre Show'],1.0,8.08,7.9
579,tt2244495,['The Eric Andre Show'],2.0,8.255555555555556,8.4
580,tt2244495,['The Eric Andre Show'],3.0,8.566666666666668,8.8
581,tt2244495,['The Eric Andre Show'],4.0,8.69,7.3
582,tt2244495,['The Eric Andre Show'],5.0,8.577777777777778,9.1
583,tt0053488,['The Bugs Bunny Show'],1.0,7.64,7.9
584,tt0053488,['The Bugs Bunny Show'],2.0,7.495999999999998,7.9
585,tt0053488,['The Bugs Bunny Show'],3.0,6.16,6.4
586,tt2100976,['Impractical Jokers'],1.0,8.325000000000001,8.5
587,tt2100976,['Impractical Jokers'],2.0,8.462962962962964,8.2
588,tt2100976,['Impractical Jokers'],3.0,8.461290322580643,9.1
589,tt2100976,['Impractical Jokers'],4.0,8.257142857142858,8.1
590,tt2100976,['Impractical Jokers'],5.0,8.342307692307692,6.0
591,tt2100976,['Impractical Jokers'],6.0,8.224000000000002,7.4
592,tt2100976,['Impractical Jokers'],7.0,7.846153846153846,6.9
593,tt2100976,['Impractical Jokers'],8.0,8.238461538461538,4.4
594,tt2100976,['Impractical Jokers'],9.0,8.21875,8.0
595,tt1518542,['Sarabhai V/S Sarabhai'],1.0,8.504411764705885,8.2
596,tt1518542,['Sarabhai V/S Sarabhai'],2.0,8.744444444444444,8.6
597,tt1870479,['The Newsroom'],1.0,8.422222222222224,8.8
598,tt1870479,['The Newsroom'],2.0,8.3,9.0
599,tt1870479,['The Newsroom'],3.0,8.940000000000001,9.2
600,tt0863046,['Flight of the Conchords'],1.0,8.318181818181818,8.1
601,tt0863046,['Flight of the Conchords'],2.0,8.255555555555556,8.2
602,tt0275137,['Justice League'],1.0,7.832000000000001,8.6
603,tt0275137,['Justice League'],2.0,8.304,9.3
604,tt0080306,['Yes Minister'],1.0,8.233333333333334,8.0
605,tt0080306,['Yes Minister'],2.0,8.183333333333335,8.7
606,tt0080306,['Yes Minister'],3.0,8.414285714285715,9.1
607,tt0280249,['Dragon Ball'],1.0,7.55,8.0
608,tt0280249,['Dragon Ball'],2.0,7.8,8.2
609,tt0280249,['Dragon Ball'],3.0,7.5375,7.2
610,tt0280249,['Dragon Ball'],4.0,7.7727272727272725,7.6
611,tt0280249,['Dragon Ball'],5.0,8.055555555555557,7.9
612,tt0280249,['Dragon Ball'],6.0,7.553333333333334,7.6
613,tt0280249,['Dragon Ball'],7.0,7.888235294117648,8.6
614,tt0280249,['Dragon Ball'],8.0,7.850000000000001,8.3
615,tt0280249,['Dragon Ball'],9.0,7.64,7.3
616,tt0187664,['Spaced'],1.0,8.1,8.3
617,tt0187664,['Spaced'],2.0,8.416666666666666,8.6
618,tt9544034,['The Family Man'],1.0,8.566666666666666,8.1
619,tt9544034,['The Family Man'],2.0,9.299999999999999,9.4
620,tt0237123,['Coupling'],1.0,8.72,8.6
621,tt0237123,['Coupling'],2.0,8.5875,9.1
622,tt0237123,['Coupling'],3.0,8.633333333333333,8.9
623,tt0237123,['Coupling'],4.0,7.780000000000001,8.0
624,tt1586680,['Shameless'],1.0,8.336363636363636,8.9
625,tt1586680,['Shameless'],2.0,8.327272727272728,8.7
626,tt1586680,['Shameless'],3.0,8.58181818181818,9.1
627,tt1586680,['Shameless'],4.0,8.745454545454546,9.4
628,tt1586680,['Shameless'],5.0,8.763636363636364,8.1
629,tt1586680,['Shameless'],6.0,8.418181818181818,9.0
630,tt1586680,['Shameless'],7.0,8.518181818181818,9.2
631,tt1586680,['Shameless'],8.0,8.254545454545456,8.2
632,tt1586680,['Shameless'],9.0,8.023076923076923,9.1
633,tt1586680,['Shameless'],10.0,7.4,9.0
634,tt1586680,['Shameless'],11.0,7.654545454545455,6.3
635,tt7221388,['Cobra Kai'],1.0,8.455555555555556,9.1
636,tt7221388,['Cobra Kai'],2.0,8.377777777777778,9.4
637,tt7221388,['Cobra Kai'],3.0,8.399999999999999,9.4
638,tt7221388,['Cobra Kai'],4.0,8.233333333333334,9.3
639,tt0106028,['Homicide: Life on the Street'],1.0,8.137500000000001,8.5
640,tt0106028,['Homicide: Life on the Street'],2.0,8.6,8.2
641,tt0106028,['Homicide: Life on the Street'],3.0,8.231578947368419,8.5
642,tt0106028,['Homicide: Life on the Street'],4.0,8.066666666666668,7.8
643,tt0106028,['Homicide: Life on the Street'],5.0,7.685714285714285,7.6
644,tt0106028,['Homicide: Life on the Street'],6.0,8.427272727272728,9.2
645,tt0106028,['Homicide: Life on the Street'],7.0,7.9523809523809526,8.8
646,tt4158110,['Mr. Robot'],1.0,8.733333333333334,8.8
647,tt4158110,['Mr. Robot'],2.0,8.636363636363635,8.9
648,tt4158110,['Mr. Robot'],3.0,9.0,9.5
649,tt4158110,['Mr. Robot'],4.0,9.200000000000001,9.8
650,tt0290978,['The Office'],1.0,8.120000000000001,8.2
651,tt0290978,['The Office'],2.0,8.419999999999998,8.8
652,tt0290978,['The Office'],3.0,8.6,9.4
653,tt0487831,['The IT Crowd'],1.0,7.959999999999999,8.0
654,tt0487831,['The IT Crowd'],2.0,8.419999999999998,7.6
655,tt0487831,['The IT Crowd'],3.0,8.32,7.7
656,tt0487831,['The IT Crowd'],4.0,8.059999999999999,7.6
657,tt0487831,['The IT Crowd'],5.0,,8.4
658,tt1492966,['Louie'],1.0,8.008333333333333,8.3
659,tt1492966,['Louie'],2.0,8.174999999999999,8.4
660,tt1492966,['Louie'],3.0,8.233333333333333,8.9
661,tt1492966,['Louie'],4.0,8.376923076923076,8.3
662,tt1492966,['Louie'],5.0,8.328571428571427,8.2
663,tt10530900,['Gullak'],1.0,8.925,9.1
664,tt10530900,['Gullak'],2.0,9.25,9.7
665,tt0163507,['Whose Line Is It Anyway?'],1.0,7.800000000000001,7.7
666,tt0163507,['Whose Line Is It Anyway?'],2.0,7.678947368421053,8.4
667,tt0163507,['Whose Line Is It Anyway?'],3.0,7.610256410256409,7.5
668,tt0163507,['Whose Line Is It Anyway?'],4.0,7.646666666666665,7.5
669,tt0163507,['Whose Line Is It Anyway?'],5.0,7.724242424242423,7.8
670,tt0163507,['Whose Line Is It Anyway?'],6.0,7.333333333333333,7.7
671,tt0163507,['Whose Line Is It Anyway?'],7.0,7.608333333333334,7.8
672,tt0163507,['Whose Line Is It Anyway?'],8.0,7.705000000000001,7.7
673,tt7908628,['What We Do in the Shadows'],1.0,8.255555555555556,8.4
674,tt7908628,['What We Do in the Shadows'],2.0,8.344444444444443,8.8
675,tt7908628,['What We Do in the Shadows'],3.0,8.21111111111111,8.7
676,tt4063800,['Le Bureau des Légendes'],1.0,7.844444444444444,8.3
677,tt4063800,['Le Bureau des Légendes'],2.0,8.066666666666668,8.9
678,tt4063800,['Le Bureau des Légendes'],3.0,8.177777777777779,9.0
679,tt4063800,['Le Bureau des Légendes'],4.0,8.122222222222222,8.7
680,tt4063800,['Le Bureau des Légendes'],5.0,7.8999999999999995,7.4
681,tt1513168,['Through the Wormhole'],1.0,8.085714285714285,8.2
682,tt1513168,['Through the Wormhole'],2.0,7.822222222222221,7.5
683,tt1513168,['Through the Wormhole'],3.0,7.266666666666666,7.5
684,tt1513168,['Through the Wormhole'],4.0,7.511111111111112,7.0
685,tt1513168,['Through the Wormhole'],5.0,7.333333333333333,7.8
686,tt1513168,['Through the Wormhole'],6.0,7.32,7.4
687,tt1513168,['Through the Wormhole'],7.0,7.433333333333334,7.7
688,tt1513168,['Through the Wormhole'],8.0,7.8,7.0
689,tt7562112,['Pose'],1.0,8.714285714285714,9.1
690,tt7562112,['Pose'],2.0,8.455555555555556,9.1
691,tt7562112,['Pose'],3.0,8.642857142857142,8.6
692,tt0417373,['The Venture Bros.'],1.0,7.978571428571428,7.7
693,tt0417373,['The Venture Bros.'],2.0,8.374999999999998,9.1
694,tt0417373,['The Venture Bros.'],3.0,8.375000000000002,9.0
695,tt0417373,['The Venture Bros.'],4.0,8.375,7.7
696,tt0417373,['The Venture Bros.'],5.0,8.3125,8.3
697,tt0417373,['The Venture Bros.'],6.0,8.725,9.1
698,tt0417373,['The Venture Bros.'],7.0,8.755555555555556,9.0
699,tt4647692,['Letterkenny'],1.0,7.76,8.6
700,tt4647692,['Letterkenny'],2.0,8.533333333333333,8.5
701,tt4647692,['Letterkenny'],3.0,8.433333333333332,8.4
702,tt4647692,['Letterkenny'],4.0,8.283333333333333,7.9
703,tt4647692,['Letterkenny'],5.0,8.180000000000001,8.7
704,tt4647692,['Letterkenny'],6.0,8.4,8.7
705,tt4647692,['Letterkenny'],7.0,8.059999999999999,8.9
706,tt4647692,['Letterkenny'],8.0,8.4,9.3
707,tt4647692,['Letterkenny'],9.0,8.25,8.5
708,tt4647692,['Letterkenny'],10.0,8.179999999999998,7.6
709,tt5288312,['Skam'],1.0,7.8,8.5
710,tt5288312,['Skam'],2.0,8.045454545454545,8.2
711,tt5288312,['Skam'],3.0,9.0,9.3
712,tt5288312,['Skam'],4.0,8.166666666666666,9.3
713,tt0129690,"[""I'm Alan Partridge""]",1.0,8.620000000000001,8.6
714,tt0129690,"[""I'm Alan Partridge""]",2.0,8.540000000000001,8.4
715,tt0086831,"['Yes, Prime Minister']",1.0,8.557142857142857,8.6
716,tt0086831,"['Yes, Prime Minister']",2.0,8.200000000000001,8.8
717,tt0436992,['Doctor Who'],1.0,7.8666666666666645,9.1
718,tt0436992,['Doctor Who'],2.0,7.815384615384615,9.3
719,tt0436992,['Doctor Who'],3.0,8.038461538461538,8.4
720,tt0436992,['Doctor Who'],4.0,8.253846153846155,9.2
721,tt0436992,['Doctor Who'],5.0,8.025,9.1
722,tt0436992,['Doctor Who'],6.0,8.061538461538461,8.5
723,tt0436992,['Doctor Who'],7.0,7.678571428571428,9.0
724,tt0436992,['Doctor Who'],8.0,7.766666666666666,7.8
725,tt0436992,['Doctor Who'],9.0,8.076923076923078,8.5
726,tt0436992,['Doctor Who'],10.0,7.616666666666667,8.9
727,tt0436992,['Doctor Who'],11.0,6.181818181818183,5.8
728,tt0436992,['Doctor Who'],12.0,6.0,5.9
729,tt0436992,['Doctor Who'],13.0,6.6000000000000005,6.8
730,tt1442449,['Spartacus: Blood and Sand'],1.0,8.433333333333332,9.6
731,tt1442449,['Spartacus: Blood and Sand'],2.0,8.355555555555556,9.3
732,tt1442449,['Spartacus: Blood and Sand'],3.0,8.588888888888889,9.7
733,tt6108262,['Senke nad Balkanom'],1.0,8.933333333333334,8.8
734,tt6108262,['Senke nad Balkanom'],2.0,8.522222222222222,8.7
735,tt1124373,['Sons of Anarchy'],1.0,8.233333333333333,9.1
736,tt1124373,['Sons of Anarchy'],2.0,8.549999999999999,9.3
737,tt1124373,['Sons of Anarchy'],3.0,8.25,9.7
738,tt1124373,['Sons of Anarchy'],4.0,8.684615384615386,9.1
739,tt1124373,['Sons of Anarchy'],5.0,8.6,9.3
740,tt1124373,['Sons of Anarchy'],6.0,8.466666666666667,9.5
741,tt1124373,['Sons of Anarchy'],7.0,8.541666666666668,9.5
742,tt0278238,['Samurai Jack'],1.0,8.408333333333333,8.0
743,tt0278238,['Samurai Jack'],2.0,8.374999999999998,8.1
744,tt0278238,['Samurai Jack'],3.0,8.583333333333334,8.5
745,tt0278238,['Samurai Jack'],4.0,8.6,7.9
746,tt0278238,['Samurai Jack'],5.0,9.322222222222223,9.3
747,tt2575988,['Silicon Valley'],1.0,8.057142857142857,9.3
748,tt2575988,['Silicon Valley'],2.0,8.222222222222221,9.2
749,tt2575988,['Silicon Valley'],3.0,8.244444444444447,8.6
750,tt2575988,['Silicon Valley'],4.0,8.155555555555557,8.4
751,tt2575988,['Silicon Valley'],5.0,7.857142857142857,9.1
752,tt2575988,['Silicon Valley'],6.0,8.016666666666667,8.6
753,tt0290988,['Trailer Park Boys'],1.0,7.9,8.6
754,tt0290988,['Trailer Park Boys'],2.0,8.533333333333333,8.9
755,tt0290988,['Trailer Park Boys'],3.0,8.742857142857144,8.8
756,tt0290988,['Trailer Park Boys'],4.0,8.7375,8.7
757,tt0290988,['Trailer Park Boys'],5.0,8.555555555555557,9.0
758,tt0290988,['Trailer Park Boys'],6.0,8.4,8.9
759,tt0290988,['Trailer Park Boys'],7.0,8.28888888888889,9.1
760,tt0290988,['Trailer Park Boys'],8.0,8.022222222222222,8.4
761,tt0290988,['Trailer Park Boys'],9.0,7.688888888888889,8.1
762,tt0290988,['Trailer Park Boys'],10.0,7.511111111111112,8.1
763,tt0290988,['Trailer Park Boys'],11.0,7.977777777777778,7.9
764,tt0290988,['Trailer Park Boys'],12.0,8.222222222222221,9.2
765,tt0149460,['Futurama'],1.0,8.125,8.1
766,tt0149460,['Futurama'],2.0,7.915789473684211,8.5
767,tt0149460,['Futurama'],3.0,8.02857142857143,7.7
768,tt0149460,['Futurama'],4.0,8.0,8.3
769,tt0149460,['Futurama'],5.0,8.093333333333332,9.1
770,tt0149460,['Futurama'],6.0,7.540000000000001,7.5
771,tt0149460,['Futurama'],7.0,7.7749999999999995,6.4
772,tt0149460,['Futurama'],8.0,7.566666666666666,8.0
773,tt0149460,['Futurama'],9.0,7.391666666666666,7.2
774,tt0149460,['Futurama'],10.0,7.466666666666668,9.4
775,tt0118273,['Brass Eye'],1.0,8.1,8.0
776,tt0118273,['Brass Eye'],2.0,,9.3
777,tt1534360,['Ezel'],1.0,8.606249999999998,8.9
778,tt1534360,['Ezel'],2.0,8.61891891891892,9.5
779,tt2701582,['Endeavour'],1.0,8.325000000000001,8.4
780,tt2701582,['Endeavour'],2.0,8.466666666666667,8.9
781,tt2701582,['Endeavour'],3.0,8.066666666666668,8.8
782,tt2701582,['Endeavour'],4.0,8.033333333333333,8.4
783,tt2701582,['Endeavour'],5.0,8.2,8.7
784,tt2701582,['Endeavour'],6.0,8.166666666666666,9.2
785,tt2701582,['Endeavour'],7.0,7.85,8.3
786,tt2701582,['Endeavour'],8.0,7.949999999999999,7.9
787,tt4082744,['Detectorists'],1.0,7.980000000000001,8.6
788,tt4082744,['Detectorists'],2.0,8.183333333333335,8.1
789,tt4082744,['Detectorists'],3.0,8.180000000000001,9.4
790,tt2243973,['Hannibal'],1.0,8.441666666666666,9.2
791,tt2243973,['Hannibal'],2.0,8.975,9.8
792,tt2243973,['Hannibal'],3.0,8.575,9.7
793,tt1439629,['Community'],1.0,8.220833333333335,8.4
794,tt1439629,['Community'],2.0,8.465217391304348,9.5
795,tt1439629,['Community'],3.0,8.523809523809522,8.7
796,tt1439629,['Community'],4.0,7.425,7.7
797,tt1439629,['Community'],5.0,8.375000000000002,8.1
798,tt1439629,['Community'],6.0,7.750000000000001,9.4
799,tt5897304,['Mob Psycho 100'],1.0,8.100000000000001,9.1
800,tt5897304,['Mob Psycho 100'],2.0,8.775,9.1
801,tt3230854,['The Expanse'],1.0,8.022222222222222,8.6
802,tt3230854,['The Expanse'],2.0,8.424999999999999,8.8
803,tt3230854,['The Expanse'],3.0,8.791666666666666,9.3
804,tt3230854,['The Expanse'],4.0,8.52222222222222,8.9
805,tt3230854,['The Expanse'],5.0,8.31111111111111,8.6
806,tt3230854,['The Expanse'],6.0,8.18,9.1
807,tt3526078,"[""Schitt's Creek""]",1.0,7.508333333333333,8.0
808,tt3526078,"[""Schitt's Creek""]",2.0,7.808333333333334,9.0
809,tt3526078,"[""Schitt's Creek""]",3.0,7.95,9.0
810,tt3526078,"[""Schitt's Creek""]",4.0,8.224999999999998,8.6
811,tt3526078,"[""Schitt's Creek""]",5.0,8.192307692307692,9.1
812,tt3526078,"[""Schitt's Creek""]",6.0,8.299999999999999,9.3
813,tt1230180,['The Angry Video Game Nerd'],1.0,7.6875,8.7
814,tt1230180,['The Angry Video Game Nerd'],2.0,8.013043478260869,7.9
815,tt1230180,['The Angry Video Game Nerd'],3.0,8.0,7.6
816,tt1230180,['The Angry Video Game Nerd'],4.0,7.8500000000000005,8.1
817,tt1230180,['The Angry Video Game Nerd'],5.0,8.114285714285714,7.1
818,tt1230180,['The Angry Video Game Nerd'],6.0,8.0625,7.5
819,tt1230180,['The Angry Video Game Nerd'],7.0,7.8,7.8
820,tt1230180,['The Angry Video Game Nerd'],8.0,7.313333333333333,8.0
821,tt1230180,['The Angry Video Game Nerd'],9.0,6.751724137931034,6.9
822,tt1230180,['The Angry Video Game Nerd'],10.0,7.725,6.0
823,tt1230180,['The Angry Video Game Nerd'],11.0,7.49090909090909,7.1
824,tt1230180,['The Angry Video Game Nerd'],12.0,7.6,8.4
825,tt1230180,['The Angry Video Game Nerd'],13.0,7.110000000000001,8.1
826,tt1230180,['The Angry Video Game Nerd'],14.0,7.0,6.8
827,tt1230180,['The Angry Video Game Nerd'],15.0,6.216666666666666,4.3
828,tt4295140,"[""Chef's Table""]",1.0,7.959999999999999,8.3
829,tt4295140,"[""Chef's Table""]",2.0,8.239999999999998,8.7
830,tt4295140,"[""Chef's Table""]",3.0,8.02,8.8
831,tt4295140,"[""Chef's Table""]",4.0,8.200000000000001,7.3
832,tt4295140,"[""Chef's Table""]",5.0,7.7,8.1
833,tt4295140,"[""Chef's Table""]",6.0,7.833333333333333,8.0
834,tt0047708,['Alfred Hitchcock Presents'],1.0,7.110526315789474,7.2
835,tt0047708,['Alfred Hitchcock Presents'],2.0,7.094736842105262,7.6
836,tt0047708,['Alfred Hitchcock Presents'],3.0,7.2710526315789465,7.8
837,tt0047708,['Alfred Hitchcock Presents'],4.0,7.311428571428569,7.2
838,tt0047708,['Alfred Hitchcock Presents'],5.0,7.21081081081081,7.9
839,tt0047708,['Alfred Hitchcock Presents'],6.0,7.2648648648648635,7.0
840,tt0047708,['Alfred Hitchcock Presents'],7.0,7.192105263157895,7.1
841,tt3920596,['Big Little Lies'],1.0,8.316666666666666,9.4
842,tt3920596,['Big Little Lies'],2.0,8.283333333333333,8.8
843,tt2433738,['Wentworth'],1.0,8.244444444444445,9.2
844,tt2433738,['Wentworth'],2.0,8.781818181818183,9.5
845,tt2433738,['Wentworth'],3.0,8.99090909090909,9.6
846,tt2433738,['Wentworth'],4.0,9.045454545454545,9.5
847,tt2433738,['Wentworth'],5.0,8.845454545454546,9.7
848,tt2433738,['Wentworth'],6.0,8.663636363636362,9.1
849,tt2433738,['Wentworth'],7.0,8.899999999999999,9.7
850,tt2433738,['Wentworth'],8.0,8.411111111111111,9.1
851,tt2433738,['Wentworth'],9.0,9.155555555555557,9.5
852,tt1710308,['Regular Show'],1.0,8.725,9.2
853,tt1710308,['Regular Show'],2.0,8.792592592592593,9.1
854,tt1710308,['Regular Show'],3.0,8.547368421052632,8.9
855,tt1710308,['Regular Show'],4.0,8.383333333333333,9.3
856,tt1710308,['Regular Show'],5.0,8.41388888888889,8.9
857,tt1710308,['Regular Show'],6.0,8.737037037037036,8.6
858,tt1710308,['Regular Show'],7.0,8.631428571428572,9.5
859,tt1710308,['Regular Show'],8.0,8.819230769230769,9.7
860,tt5675620,['The Punisher'],1.0,8.700000000000001,9.2
861,tt5675620,['The Punisher'],2.0,8.35,9.0
862,tt2937900,['The Knick'],1.0,8.38888888888889,9.0
863,tt2937900,['The Knick'],2.0,8.444444444444443,9.4
864,tt0262150,['Black Books'],1.0,8.24,7.8
865,tt0262150,['Black Books'],2.0,7.92,7.9
866,tt0262150,['Black Books'],3.0,7.9,8.2
867,tt0103584,['X-Men'],1.0,7.841666666666666,8.3
868,tt0103584,['X-Men'],2.0,7.625,8.0
869,tt0103584,['X-Men'],3.0,7.7666666666666675,8.0
870,tt0103584,['X-Men'],4.0,7.6000000000000005,7.4
871,tt0103584,['X-Men'],5.0,7.176923076923075,8.2
872,tt2306299,['Vikings'],1.0,8.0375,7.7
873,tt2306299,['Vikings'],2.0,8.41111111111111,9.2
874,tt2306299,['Vikings'],3.0,8.444444444444445,9.1
875,tt2306299,['Vikings'],4.0,8.378947368421052,8.8
876,tt2306299,['Vikings'],5.0,7.763157894736841,8.7
877,tt2306299,['Vikings'],6.0,7.594736842105262,7.8
878,tt5071412,['Ozark'],1.0,8.055555555555555,9.1
879,tt5071412,['Ozark'],2.0,8.288888888888888,8.9
880,tt5071412,['Ozark'],3.0,8.511111111111111,9.4
881,tt5071412,['Ozark'],4.0,8.450000000000001,9.4
882,tt7658402,['Harley Quinn'],1.0,8.266666666666667,8.7
883,tt7658402,['Harley Quinn'],2.0,8.525,8.6
884,tt7472896,['Mr Inbetween'],1.0,8.040000000000001,8.9
885,tt7472896,['Mr Inbetween'],2.0,8.39,8.9
886,tt7472896,['Mr Inbetween'],3.0,8.2125,9.3
887,tt1299368,['Southland'],1.0,7.8166666666666655,8.6
888,tt1299368,['Southland'],2.0,8.32,8.6
889,tt1299368,['Southland'],3.0,8.18888888888889,8.7
890,tt1299368,['Southland'],4.0,8.144444444444444,8.5
891,tt1299368,['Southland'],5.0,8.277777777777779,8.8
892,tt7278862,"[""L'amica geniale""]",1.0,8.385714285714288,8.7
893,tt7278862,"[""L'amica geniale""]",2.0,8.4,9.0
894,tt7278862,"[""L'amica geniale""]",3.0,8.557142857142859,8.2
895,tt0043208,['I Love Lucy'],1.0,8.171428571428569,8.5
896,tt0043208,['I Love Lucy'],2.0,8.363333333333335,8.6
897,tt0043208,['I Love Lucy'],3.0,8.33,8.3
898,tt0043208,['I Love Lucy'],4.0,8.517241379310345,8.6
899,tt0043208,['I Love Lucy'],5.0,8.448000000000002,8.9
900,tt0043208,['I Love Lucy'],6.0,8.457692307692307,8.0
901,tt3428912,['Happy Valley'],1.0,8.440000000000001,8.5
902,tt3428912,['Happy Valley'],2.0,8.32,9.0
903,tt9561862,"['Love, Death & Robots']",1.0,7.3235294117647065,8.1
904,tt9561862,"['Love, Death & Robots']",2.0,7.085714285714286,7.0
905,tt1442437,['Modern Family'],1.0,8.043478260869565,8.5
906,tt1442437,['Modern Family'],2.0,8.013043478260867,8.0
907,tt1442437,['Modern Family'],3.0,7.88695652173913,8.6
908,tt1442437,['Modern Family'],4.0,7.9391304347826095,8.2
909,tt1442437,['Modern Family'],5.0,7.8826086956521735,8.6
910,tt1442437,['Modern Family'],6.0,7.921739130434781,8.7
911,tt1442437,['Modern Family'],7.0,7.809523809523808,8.1
912,tt1442437,['Modern Family'],8.0,7.385714285714285,7.7
913,tt1442437,['Modern Family'],9.0,7.333333333333335,6.7
914,tt1442437,['Modern Family'],10.0,7.2333333333333325,8.6
915,tt1442437,['Modern Family'],11.0,7.323529411764706,8.5
916,tt0310455,"[""Foyle's War""]",1.0,8.266666666666667,8.2
917,tt0310455,"[""Foyle's War""]",2.0,8.433333333333332,8.4
918,tt0310455,"[""Foyle's War""]",3.0,8.366666666666667,8.0
919,tt0310455,"[""Foyle's War""]",4.0,8.233333333333333,8.1
920,tt0310455,"[""Foyle's War""]",5.0,8.35,8.5
921,tt0310455,"[""Foyle's War""]",6.0,8.0,8.9
922,tt0310455,"[""Foyle's War""]",7.0,8.3,8.6
923,tt0310455,"[""Foyle's War""]",8.0,8.4,9.0
